
INSERT INTO AUTHOR (ID, FIRST_NAME, SECOND_NAME, CREATE_DATE, RATING) VALUES (1, 'Steve','McConnell',CURRENT_DATE,4);
INSERT INTO AUTHOR (ID, FIRST_NAME, SECOND_NAME, CREATE_DATE, RATING) VALUES (2, 'Andrew','Hunt',CURRENT_DATE,4);
INSERT INTO AUTHOR (ID, FIRST_NAME, SECOND_NAME, CREATE_DATE, RATING) VALUES (3, 'David Thomas','Thomas',CURRENT_DATE,4);
INSERT INTO AUTHOR (ID, FIRST_NAME, SECOND_NAME, CREATE_DATE, RATING) VALUES (4, 'Brian W','Kernighan',CURRENT_DATE,4);
INSERT INTO AUTHOR (ID, FIRST_NAME, SECOND_NAME, CREATE_DATE, RATING) VALUES (5, 'Richard','Helm',CURRENT_DATE,4);
INSERT INTO AUTHOR (ID, FIRST_NAME, SECOND_NAME, CREATE_DATE, RATING) VALUES (6, 'Ralph','Johnson',CURRENT_DATE,3);
INSERT INTO AUTHOR (ID, FIRST_NAME, SECOND_NAME, CREATE_DATE, RATING) VALUES (7, 'John','Vlissides',CURRENT_DATE,3);
INSERT INTO AUTHOR (ID, FIRST_NAME, SECOND_NAME, CREATE_DATE, RATING) VALUES (8, 'Dennis M','Ritchie',CURRENT_DATE,3);
INSERT INTO AUTHOR (ID, FIRST_NAME, SECOND_NAME, CREATE_DATE, RATING) VALUES (9, 'New Author','New Author',CURRENT_DATE,3);
INSERT INTO AUTHOR (ID, FIRST_NAME, SECOND_NAME, CREATE_DATE, RATING) VALUES (10, 'Charles',' Leiserson',CURRENT_DATE,3);
INSERT INTO AUTHOR (ID, FIRST_NAME, SECOND_NAME, CREATE_DATE, RATING) VALUES (11, 'Ronald L.','Rivest',CURRENT_DATE,4);
INSERT INTO AUTHOR (ID, FIRST_NAME, SECOND_NAME, CREATE_DATE, RATING) VALUES (12, 'Erich','Gamma',CURRENT_DATE,4);
INSERT INTO AUTHOR (ID, FIRST_NAME, SECOND_NAME, CREATE_DATE, RATING) VALUES (13, 'Martin','Fowler',CURRENT_DATE,4);
INSERT INTO AUTHOR (ID, FIRST_NAME, SECOND_NAME, CREATE_DATE, RATING) VALUES (14, 'Ivan','Fedak',CURRENT_DATE,4);
INSERT INTO AUTHOR (ID, FIRST_NAME, SECOND_NAME, CREATE_DATE, RATING) VALUES (15, 'Alan','Moore',CURRENT_DATE,4);
INSERT INTO AUTHOR (ID, FIRST_NAME, SECOND_NAME, CREATE_DATE, RATING) VALUES (16, 'Cassandra','Clare',CURRENT_DATE,3);
INSERT INTO AUTHOR (ID, FIRST_NAME, SECOND_NAME, CREATE_DATE, RATING) VALUES (17, 'Dann','Brown',CURRENT_DATE,2);
INSERT INTO AUTHOR (ID, FIRST_NAME, SECOND_NAME, CREATE_DATE, RATING) VALUES (18, 'Elie','Wiesel',CURRENT_DATE,2);
INSERT INTO AUTHOR (ID, FIRST_NAME, SECOND_NAME, CREATE_DATE, RATING) VALUES (19, 'Frank','Miller',CURRENT_DATE,4);
INSERT INTO AUTHOR (ID, FIRST_NAME, SECOND_NAME, CREATE_DATE, RATING) VALUES (20, 'George','Eliot',CURRENT_DATE,4);
INSERT INTO AUTHOR (ID, FIRST_NAME, SECOND_NAME, CREATE_DATE, RATING) VALUES (21, 'Glenn','Beck',CURRENT_DATE,4);
INSERT INTO AUTHOR (ID, FIRST_NAME, SECOND_NAME, CREATE_DATE, RATING) VALUES (22, 'Henry','Miller',CURRENT_DATE,4);
INSERT INTO AUTHOR (ID, FIRST_NAME, SECOND_NAME, CREATE_DATE, RATING) VALUES (23, 'Helen','Fielding',CURRENT_DATE,5);
INSERT INTO AUTHOR (ID, FIRST_NAME, SECOND_NAME, CREATE_DATE, RATING) VALUES (24, 'Henrik','Ibsen',CURRENT_DATE,2);
INSERT INTO AUTHOR (ID, FIRST_NAME, SECOND_NAME, CREATE_DATE, RATING) VALUES (25, 'Henry','James',CURRENT_DATE,4);
INSERT INTO AUTHOR (ID, FIRST_NAME, SECOND_NAME, CREATE_DATE, RATING) VALUES (26, 'Isaac','Asimov',CURRENT_DATE,0);
INSERT INTO AUTHOR (ID, FIRST_NAME, SECOND_NAME, CREATE_DATE, RATING) VALUES (27, 'James','Frey',CURRENT_DATE,0);
INSERT INTO AUTHOR (ID, FIRST_NAME, SECOND_NAME, CREATE_DATE, RATING) VALUES (28, 'Jane','Austen',CURRENT_DATE,0);
INSERT INTO AUTHOR (ID, FIRST_NAME, SECOND_NAME, CREATE_DATE, RATING) VALUES (29, 'Jeff','Kinney',CURRENT_DATE,0);
INSERT INTO AUTHOR (ID, FIRST_NAME, SECOND_NAME, CREATE_DATE, RATING) VALUES (30, 'Lord','Byron',CURRENT_DATE,0);
INSERT INTO AUTHOR (ID, FIRST_NAME, SECOND_NAME, CREATE_DATE, RATING) VALUES (31, 'Marcel','Pagnol',CURRENT_DATE,0);
INSERT INTO AUTHOR (ID, FIRST_NAME, SECOND_NAME, CREATE_DATE, RATING) VALUES (32, 'Marcel','Proust',CURRENT_DATE,0);
INSERT INTO AUTHOR (ID, FIRST_NAME, SECOND_NAME, CREATE_DATE, RATING) VALUES (33, 'Martin','Amis',CURRENT_DATE,0);
INSERT INTO AUTHOR (ID, FIRST_NAME, SECOND_NAME, CREATE_DATE, RATING) VALUES (34, 'Michael','Grant',CURRENT_DATE,0);
INSERT INTO AUTHOR (ID, FIRST_NAME, SECOND_NAME, CREATE_DATE, RATING) VALUES (35, 'Nick','Hornby',CURRENT_DATE,0);
INSERT INTO AUTHOR (ID, FIRST_NAME, SECOND_NAME, CREATE_DATE, RATING) VALUES (36, 'Orhan','Pamuk',CURRENT_DATE,0);
INSERT INTO AUTHOR (ID, FIRST_NAME, SECOND_NAME, CREATE_DATE, RATING) VALUES (37, 'Paul','Celan',CURRENT_DATE,0);
INSERT INTO AUTHOR (ID, FIRST_NAME, SECOND_NAME, CREATE_DATE, RATING) VALUES (38, 'Rhonda','Byrne',CURRENT_DATE,0);
INSERT INTO AUTHOR (ID, FIRST_NAME, SECOND_NAME, CREATE_DATE, RATING) VALUES (39, 'Robert','Crais',CURRENT_DATE,5);
INSERT INTO AUTHOR (ID, FIRST_NAME, SECOND_NAME, CREATE_DATE, RATING) VALUES (40, 'Robert','Jordan',CURRENT_DATE,5);
INSERT INTO AUTHOR (ID, FIRST_NAME, SECOND_NAME, CREATE_DATE, RATING) VALUES (41, 'Ruskin','Bond',CURRENT_DATE,5);
INSERT INTO AUTHOR (ID, FIRST_NAME, SECOND_NAME, CREATE_DATE, RATING) VALUES (42, 'Shaun','Tann',CURRENT_DATE,5);
INSERT INTO AUTHOR (ID, FIRST_NAME, SECOND_NAME, CREATE_DATE, RATING) VALUES (43, 'Kent ','Stendhal',CURRENT_DATE,5);
INSERT INTO AUTHOR (ID, FIRST_NAME, SECOND_NAME, CREATE_DATE, RATING) VALUES (44, 'Suse','Grafton',CURRENT_DATE,0);
INSERT INTO AUTHOR (ID, FIRST_NAME, SECOND_NAME, CREATE_DATE, RATING) VALUES (45, 'Terry','Brooks',CURRENT_DATE,0);
INSERT INTO AUTHOR (ID, FIRST_NAME, SECOND_NAME, CREATE_DATE, RATING) VALUES (46, 'Tomas','Clancy',CURRENT_DATE,0);
INSERT INTO AUTHOR (ID, FIRST_NAME, SECOND_NAME, CREATE_DATE, RATING) VALUES (47, 'Vikram','Seth',CURRENT_DATE,0);
INSERT INTO AUTHOR (ID, FIRST_NAME, SECOND_NAME, CREATE_DATE, RATING) VALUES (48, 'William','Blake',CURRENT_DATE,0);
INSERT INTO AUTHOR (ID, FIRST_NAME, SECOND_NAME, CREATE_DATE, RATING) VALUES (49, 'Zane','Grey',CURRENT_DATE,0);
INSERT INTO AUTHOR (ID, FIRST_NAME, SECOND_NAME, CREATE_DATE, RATING) VALUES (50, 'Wole','Soyinka',CURRENT_DATE,0);


INSERT INTO BOOK (id, create_date, isbn, name, publisher, published_year, rating) VALUES (1,'02.01.2012','978-0-596-52068-7','Code Complete','The 5th Publisher',2009, 4);
INSERT INTO BOOK (id, create_date, isbn, name, publisher, published_year, rating) VALUES (2,'08.02.2011','978-0-596-52068-5','Pragmatic Programmer','ABC Journals',2006, 4);
INSERT INTO BOOK (id, create_date, isbn, name, publisher, published_year, rating) VALUES (3,'08.02.2011','978-0-596-52068-1','The C Programming Language','A M Publishers',2012, 4);
INSERT INTO BOOK (id, create_date, isbn, name, publisher, published_year, rating) VALUES (4,'08.02.2011','978-0-596-52068-2','Introduction to algorithms','Abhinav',2010, 4);
INSERT INTO BOOK (id, create_date, isbn, name, publisher, published_year, rating) VALUES (5,'08.02.2011','978-0-596-52068-3','Design Patterns','Academe Research Journals',2008, 4);
INSERT INTO BOOK (id, create_date, isbn, name, publisher, published_year, rating) VALUES (6,'08.02.2011','978-0-596-52068-4','Refactoring: Improving the Design of Existing Code','Academia Publishing',2007, 3);
INSERT INTO BOOK (id, create_date, isbn, name, publisher, published_year, rating) VALUES (7,'08.02.2011','978-0-596-52068-6','The Mythical Man-Month.','Academia Research',1990, 4);
INSERT INTO BOOK (id, create_date, isbn, name, publisher, published_year, rating) VALUES (8,'08.02.2011','978-0-596-52068-8','The Art of Computer Programming','Academia Scholarly Journals',2005, 4);
INSERT INTO BOOK (id, create_date, isbn, name, publisher, published_year, rating) VALUES (9,'08.02.2011','978-0-596-52068-9','Dragon Book by Aho et al','Academic and Business Research Institute',2003, 3);
INSERT INTO BOOK (id, create_date, isbn, name, publisher, published_year, rating) VALUES (10,'08.02.2011','978-0-596-52068-0','Effective C++','Academic and Scientific Publishing',2001, 3);
INSERT INTO BOOK (id, create_date, isbn, name, publisher, published_year, rating) VALUES (11,'16.02.2017','978-2-123-52343-5','Working Effectively with Legacy Code','Cloud Journals',2010, 2);
INSERT INTO BOOK (id, create_date, isbn, name, publisher, published_year, rating) VALUES (12,'16.02.2017','978-2-123-52343-4','Peopleware','CSCanada',2009, 2);
INSERT INTO BOOK (id, create_date, isbn, name, publisher, published_year, rating) VALUES (13,'08.02.2011','978-2-123-52343-3','Practices of an Agile Developer','ElmCore Journals',1990, 2);
INSERT INTO BOOK (id, create_date, isbn, name, publisher, published_year, rating) VALUES (14,'16.02.2012','978-2-123-52343-2','How to Win Friends and Influence People','Elmer Press',1990, 3);
INSERT INTO BOOK (id, create_date, isbn, name, publisher, published_year, rating) VALUES (15,'16.02.2012','978-2-123-52343-1','Agile Software Development','Excellent Publishers',1990, 4);
INSERT INTO BOOK (id, create_date, isbn, name, publisher, published_year, rating) VALUES (16,'16.02.2012','978-2-123-52343-0','Thinking and Learning: Refactor Your Wetware','Global Advanced Research Journals',1990, 4);
INSERT INTO BOOK (id, create_date, isbn, name, publisher, published_year, rating) VALUES (17,'15.02.2016','978-2-123-22343-4','Book','Halmac Research',1990, 5);
INSERT INTO BOOK (id, create_date, isbn, name, publisher, published_year, rating) VALUES (18,'16.02.2016','978-2-223-22343-4','The Pragmatic Programmer','NewBook',1990, 5);
INSERT INTO BOOK (id, create_date, isbn, name, publisher, published_year, rating) VALUES (19,'16.02.2016','978-2-323-22341-4','Continuous Delivery','ABC Journals',1990, 5);
INSERT INTO BOOK (id, create_date, isbn, name, publisher, published_year, rating) VALUES (20,'16.02.2016','978-2-423-22341-4','The Clean Coder','ABC Journals',1990, 5);
INSERT INTO BOOK (id, create_date, isbn, name, publisher, published_year, rating) VALUES (21,'16.02.2016','978-2-523-22341-4','Head First Design Patterns','ABC Journals',1990, 2);
INSERT INTO BOOK (id, create_date, isbn, name, publisher, published_year, rating) VALUES (22,'16.02.2016','978-2-623-22341-4','NewBook','ABC Journals',1990, 1);
INSERT INTO BOOK (id, create_date, isbn, name, publisher, published_year, rating) VALUES (23,'16.02.2016','978-2-723-22341-4','NewBook','ABC Journals',1990, 1);
INSERT INTO BOOK (id, create_date, isbn, name, publisher, published_year, rating) VALUES (24,'15.02.2016','978-2-823-22343-4','xUnit Test Patterns','ElmCore Journals',1990, 2);
INSERT INTO BOOK (id, create_date, isbn, name, publisher, published_year, rating) VALUES (25,'15.02.2016','978-2-923-22343-4','Apprenticeship Patterns','ElmCore Journals',1990, 3);
INSERT INTO BOOK (id, create_date, isbn, name, publisher, published_year, rating) VALUES (26,'15.02.2016','978-2-923-22343-1','The Art of Agile Development','ElmCore Journals',1990, 0);
INSERT INTO BOOK (id, create_date, isbn, name, publisher, published_year, rating) VALUES (27,'15.02.2016','978-2-923-22343-2','Honorable Mentions','ElmCore Journals',1990, 0);
INSERT INTO BOOK (id, create_date, isbn, name, publisher, published_year, rating) VALUES (28,'15.02.2016','978-2-923-22343-3','Programming Pearls','ElmCore Journals',1990, 0);
INSERT INTO BOOK (id, create_date, isbn, name, publisher, published_year, rating) VALUES (29,'15.02.2016','978-2-923-22343-5','The software developer?s life manual','ElmCore Journals',1990, 0);
INSERT INTO BOOK (id, create_date, isbn, name, publisher, published_year, rating) VALUES (30,'15.02.2016','978-2-923-22343-6','The Timeless Way of Building','ElmCore Journals',1990, 0);
INSERT INTO BOOK (id, create_date, isbn, name, publisher, published_year, rating) VALUES (31,'15.02.2016','978-2-923-22343-7','Framework Design Guidelines','ElmCore Journals',1990, 0);
INSERT INTO BOOK (id, create_date, isbn, name, publisher, published_year, rating) VALUES (32,'15.02.2016','978-2-923-22343-8','Computational Beauty of Nature.','ElmCore Journals',1990, 0);
INSERT INTO BOOK (id, create_date, isbn, name, publisher, published_year, rating) VALUES (33,'15.02.2016','978-2-923-22343-9','Object-Oriented Analysis','Halmac Research',1990, 0);
INSERT INTO BOOK (id, create_date, isbn, name, publisher, published_year, rating) VALUES (34,'15.02.2016','978-2-923-42343-0','Effective Java','Halmac Research',1990, 0);
INSERT INTO BOOK (id, create_date, isbn, name, publisher, published_year, rating) VALUES (35,'15.02.2016','978-2-923-42343-4','The Career Programmer','Halmac Research',1990, 0);
INSERT INTO BOOK (id, create_date, isbn, name, publisher, published_year, rating) VALUES (36,'15.02.2016','978-2-923-42345-4','Paradigms of Artificial Intelligence Programming','Halmac Research',1990, 0);
INSERT INTO BOOK (id, create_date, isbn, name, publisher, published_year, rating) VALUES (37,'15.02.2016','978-2-122-43343-4','Masters of Doom','Halmac Research',1990, 0);
INSERT INTO BOOK (id, create_date, isbn, name, publisher, published_year, rating) VALUES (38,'15.02.2016','978-2-152-44343-4','The Language and its Implementation','Halmac Research',1990, 0);
INSERT INTO BOOK (id, create_date, isbn, name, publisher, published_year, rating) VALUES (39,'15.02.2016','978-2-122-53413-4','Big Ideas from the Computer Ag','Halmac Research',1990, 0);
INSERT INTO BOOK (id, create_date, isbn, name, publisher, published_year, rating) VALUES (40,'15.02.2016','978-2-122-26423-4','The Tao of Programming','Halmac Research',1990, 0);


INSERT INTO BOOK_AUTHOR (BOOK_ID, AUTHOR_ID) VALUES (1,1);
INSERT INTO BOOK_AUTHOR (BOOK_ID, AUTHOR_ID) VALUES (2,2);
INSERT INTO BOOK_AUTHOR (BOOK_ID, AUTHOR_ID) VALUES (3,3);
INSERT INTO BOOK_AUTHOR (BOOK_ID, AUTHOR_ID) VALUES (4,4);
INSERT INTO BOOK_AUTHOR (BOOK_ID, AUTHOR_ID) VALUES (5,5);
INSERT INTO BOOK_AUTHOR (BOOK_ID, AUTHOR_ID) VALUES (6,6);
INSERT INTO BOOK_AUTHOR (BOOK_ID, AUTHOR_ID) VALUES (7,7);
INSERT INTO BOOK_AUTHOR (BOOK_ID, AUTHOR_ID) VALUES (8,8);
INSERT INTO BOOK_AUTHOR (BOOK_ID, AUTHOR_ID) VALUES (9,9);
INSERT INTO BOOK_AUTHOR (BOOK_ID, AUTHOR_ID) VALUES (10,10);
INSERT INTO BOOK_AUTHOR (BOOK_ID, AUTHOR_ID) VALUES (11,11);
INSERT INTO BOOK_AUTHOR (BOOK_ID, AUTHOR_ID) VALUES (12,12);
INSERT INTO BOOK_AUTHOR (BOOK_ID, AUTHOR_ID) VALUES (13,13);
INSERT INTO BOOK_AUTHOR (BOOK_ID, AUTHOR_ID) VALUES (14,14);
INSERT INTO BOOK_AUTHOR (BOOK_ID, AUTHOR_ID) VALUES (15,15);
INSERT INTO BOOK_AUTHOR (BOOK_ID, AUTHOR_ID) VALUES (16,16);
INSERT INTO BOOK_AUTHOR (BOOK_ID, AUTHOR_ID) VALUES (17,17);
INSERT INTO BOOK_AUTHOR (BOOK_ID, AUTHOR_ID) VALUES (18,18);
INSERT INTO BOOK_AUTHOR (BOOK_ID, AUTHOR_ID) VALUES (19,19);
INSERT INTO BOOK_AUTHOR (BOOK_ID, AUTHOR_ID) VALUES (20,20);
INSERT INTO BOOK_AUTHOR (BOOK_ID, AUTHOR_ID) VALUES (21,21);
INSERT INTO BOOK_AUTHOR (BOOK_ID, AUTHOR_ID) VALUES (22,22);
INSERT INTO BOOK_AUTHOR (BOOK_ID, AUTHOR_ID) VALUES (23,23);
INSERT INTO BOOK_AUTHOR (BOOK_ID, AUTHOR_ID) VALUES (24,24);
INSERT INTO BOOK_AUTHOR (BOOK_ID, AUTHOR_ID) VALUES (25,25);
INSERT INTO BOOK_AUTHOR (BOOK_ID, AUTHOR_ID) VALUES (26,26);
INSERT INTO BOOK_AUTHOR (BOOK_ID, AUTHOR_ID) VALUES (27,27);
INSERT INTO BOOK_AUTHOR (BOOK_ID, AUTHOR_ID) VALUES (28,28);
INSERT INTO BOOK_AUTHOR (BOOK_ID, AUTHOR_ID) VALUES (29,29);
INSERT INTO BOOK_AUTHOR (BOOK_ID, AUTHOR_ID) VALUES (30,30);
INSERT INTO BOOK_AUTHOR (BOOK_ID, AUTHOR_ID) VALUES (31,31);
INSERT INTO BOOK_AUTHOR (BOOK_ID, AUTHOR_ID) VALUES (32,32);
INSERT INTO BOOK_AUTHOR (BOOK_ID, AUTHOR_ID) VALUES (33,33);
INSERT INTO BOOK_AUTHOR (BOOK_ID, AUTHOR_ID) VALUES (34,34);
INSERT INTO BOOK_AUTHOR (BOOK_ID, AUTHOR_ID) VALUES (35,35);
INSERT INTO BOOK_AUTHOR (BOOK_ID, AUTHOR_ID) VALUES (36,36);
INSERT INTO BOOK_AUTHOR (BOOK_ID, AUTHOR_ID) VALUES (37,37);
INSERT INTO BOOK_AUTHOR (BOOK_ID, AUTHOR_ID) VALUES (38,38);
INSERT INTO BOOK_AUTHOR (BOOK_ID, AUTHOR_ID) VALUES (39,39);
INSERT INTO BOOK_AUTHOR (BOOK_ID, AUTHOR_ID) VALUES (40,40);
INSERT INTO BOOK_AUTHOR (BOOK_ID, AUTHOR_ID) VALUES (1,41);
INSERT INTO BOOK_AUTHOR (BOOK_ID, AUTHOR_ID) VALUES (2,42);
INSERT INTO BOOK_AUTHOR (BOOK_ID, AUTHOR_ID) VALUES (3,43);
INSERT INTO BOOK_AUTHOR (BOOK_ID, AUTHOR_ID) VALUES (4,44);
INSERT INTO BOOK_AUTHOR (BOOK_ID, AUTHOR_ID) VALUES (5,45);